{
    "version": "2.0",
    "best_model": "ExtraTrees",
    "metrics": {
        "LinearRegression": {
            "r2": 0.911925616888136,
            "mae": 0.027757507855102302,
            "rmse": 0.04218457547992055,
            "fold_r2": [
                0.916984949204718,
                0.9086529974313723,
                0.915364039605071,
                0.9089804341895871,
                0.9096456640099317
            ],
            "fold_mae": [
                0.027359395426784585,
                0.02839889961080555,
                0.027502785038708243,
                0.02765428338349618,
                0.027872175815716948
            ],
            "fold_rmse": [
                0.04098495220122368,
                0.0438254828539182,
                0.04130628632425297,
                0.041775318356992795,
                0.0430308376632151
            ]
        },
        "RandomForest": {
            "r2": 0.9505771840751454,
            "mae": 0.021649934908366836,
            "rmse": 0.03159146771591621,
            "fold_r2": [
                0.9512501320602307,
                0.9474360327152268,
                0.9531924456145565,
                0.9472508958415989,
                0.9537564141441144
            ],
            "fold_mae": [
                0.02155710030987777,
                0.02226797862875819,
                0.02140296546594707,
                0.021811664011574007,
                0.021209966125677156
            ],
            "fold_rmse": [
                0.03140745424223967,
                0.03324479255254803,
                0.030718263616626763,
                0.031802402707357985,
                0.03078442546080865
            ]
        },
        "XGBoost": {
            "r2": 0.9453036799151222,
            "mae": 0.022682716502269377,
            "rmse": 0.03323941577508432,
            "fold_r2": [
                0.9450108212999964,
                0.9442667602772669,
                0.9484042951328673,
                0.9420681549238489,
                0.9467683679416322
            ],
            "fold_mae": [
                0.022609227094981386,
                0.02308458965941276,
                0.022524929244168504,
                0.022747300581544505,
                0.022447535931239736
            ],
            "fold_rmse": [
                0.033356819166427736,
                0.03423234919375697,
                0.03225116912742814,
                0.03332813937403532,
                0.03302860201377342
            ]
        },
        "LightGBM": {
            "r2": 0.9440784254713588,
            "mae": 0.022745666432970008,
            "rmse": 0.03360756866706986,
            "fold_r2": [
                0.9450706613710078,
                0.9424243703624249,
                0.9472122582199202,
                0.9401298215308882,
                0.9455550158725523
            ],
            "fold_mae": [
                0.022642252574371483,
                0.02323185638634438,
                0.02254750820866873,
                0.02286968738159206,
                0.02243702761387338
            ],
            "fold_rmse": [
                0.03333866452391223,
                0.03479356321130272,
                0.03262159785315,
                0.03388111271218076,
                0.0334029050348036
            ]
        },
        "CatBoost": {
            "r2": 0.9339464753925398,
            "mae": 0.024495880479035954,
            "rmse": 0.036529121491408426,
            "fold_r2": [
                0.9342281844639515,
                0.9339708802312819,
                0.9362610172129391,
                0.9300991684116278,
                0.9351731266428984
            ],
            "fold_mae": [
                0.02430036790118967,
                0.024788619721734028,
                0.02439484958647563,
                0.0244803918189779,
                0.02451517336680254
            ],
            "fold_rmse": [
                0.036480932336857855,
                0.03726038285500296,
                0.035846045518002634,
                0.036609479955628015,
                0.03644876679155068
            ]
        },
        "ExtraTrees": {
            "r2": 0.9512636889169348,
            "mae": 0.02191058452098148,
            "rmse": 0.03137055557603659,
            "fold_r2": [
                0.9520211519057297,
                0.948525535593262,
                0.9541824108968092,
                0.9476242158952876,
                0.9539651302935855
            ],
            "fold_mae": [
                0.021685440757209053,
                0.022300295661681308,
                0.021704757076471303,
                0.022096390545138223,
                0.02176603856440751
            ],
            "fold_rmse": [
                0.03115809681383324,
                0.032898453074342054,
                0.03039168675675341,
                0.03168966566907557,
                0.030714875566178645
            ]
        },
        "HistGradientBoosting": {
            "r2": 0.9435662812495448,
            "mae": 0.02280392628145291,
            "rmse": 0.033762302000389335,
            "fold_r2": [
                0.9435237821434206,
                0.9429208965624873,
                0.945867714870226,
                0.9398871287652847,
                0.9456318839063047
            ],
            "fold_mae": [
                0.02280219029044538,
                0.023182695575570705,
                0.022662778528032012,
                0.022907622701908395,
                0.02246434431130808
            ],
            "fold_rmse": [
                0.03380483467754398,
                0.034643210329932304,
                0.03303443384646407,
                0.03394971435171344,
                0.033379316796292885
            ]
        },
        "Ensemble_Voting": {
            "r2": 0.9459607350913135,
            "mae": 0.022534998635651844,
            "rmse": 0.033037597493241054,
            "fold_r2": [
                0.946253736954194,
                0.9449795805175812,
                0.9486794591980063,
                0.9422472637107961,
                0.9476436350759894
            ],
            "fold_mae": [
                0.022414482812795886,
                0.022930585598073455,
                0.022362507143895607,
                0.022627711998634014,
                0.02233970562486024
            ],
            "fold_rmse": [
                0.032977683880530975,
                0.034012731265166636,
                0.03216505511459614,
                0.033276578927050625,
                0.03275593827886088
            ]
        }
    },
    "shap_importance": {
        "geohash_hour_mean": 0.040102903934156026,
        "RoadType_Highway": 0.020811082405021525,
        "RoadType_Residential": 0.01664031665721676,
        "roadtype_mean": 0.011628967338980736,
        "geohash_day_mean": 0.007454091811276914,
        "geohash_mean": 0.007060506815892525,
        "hour_mean": 0.003789802790860376,
        "LargeVehicles": 0.002538638243658845,
        "RoadType_Street": 0.0023696097256075462,
        "sin_time": 0.0019959098659577804,
        "day_mean": 0.0011325971036682723,
        "minute_of_day": 0.0011125666970863866,
        "cos_time": 0.0010551865915479153,
        "day": 0.0009619494810292864,
        "hour": 0.0009155842487542316,
        "latitude": 0.0005305228886990784,
        "lane_mean": 0.00037899096633407694,
        "longitude": 0.00036057164864135267,
        "Landmarks": 0.00031624833119496304,
        "NumberofLanes": 0.00020820770861216964,
        "is_rush_hour": 0.00018192607454844715,
        "is_night": 0.00017177080883887139,
        "Weather_Rainy": 0.00010428720402943945,
        "minute": 0.00010425980644130823,
        "Weather_Sunny": 9.508073893988606e-05,
        "Temperature": 7.88581381564249e-05,
        "Weather_Foggy": 5.8811633192089876e-05,