{
    "version": "2.0",
    "best_model": "Ensemble_Voting",
    "metrics": {
        "LinearRegression": {
            "r2": 0.911925616888136,
            "mae": 0.027757507855102302,
            "rmse": 0.04218457547992055,
            "fold_r2": [
                0.916984949204718,
                0.9086529974313723,
                0.915364039605071,
                0.9089804341895871,
                0.9096456640099317
            ],
            "fold_mae": [
                0.027359395426784585,
                0.02839889961080555,
                0.027502785038708243,
                0.02765428338349618,
                0.027872175815716948
            ],
            "fold_rmse": [
                0.04098495220122368,
                0.0438254828539182,
                0.04130628632425297,
                0.041775318356992795,
                0.0430308376632151
            ]
        },
        "RandomForest": {
            "r2": 0.9505341748929302,
            "mae": 0.021652928216932495,
            "rmse": 0.03160503017969477,
            "fold_r2": [
                0.9511901594397141,
                0.9473929940990757,
                0.9531587980626481,
                0.9471798520030221,
                0.9537490708601911
            ],
            "fold_mae": [
                0.021563731911218128,
                0.022262208522703147,
                0.021408793248652528,
                0.021810729965307647,
                0.02121917743678101
            ],
            "fold_rmse": [
                0.03142676720110361,
                0.03325839994538592,
                0.030729302525840985,
                0.031823811644719806,
                0.030786869581423553
            ]
        },
        "XGBoost": {
            "r2": 0.949954226933712,
            "mae": 0.021653716286615624,
            "rmse": 0.03179349256863111,
            "fold_r2": [
                0.9499600449649682,
                0.9488077932594138,
                0.9531516714740855,
                0.9466910062415601,
                0.951160618728532
            ],
            "fold_mae": [
                0.021659124864825727,
                0.021992433664396287,
                0.021511586180362193,
                0.021717684871375202,
                0.021387751852118702
            ],
            "fold_rmse": [
                0.0318203146164889,
                0.03280813056856771,
                0.030731640070116337,
                0.03197073575528871,
                0.031636641832693865
            ]
        },
        "LightGBM": {
            "r2": 0.9490431528262597,
            "mae": 0.021692650870997254,
            "rmse": 0.03208057888873756,
            "fold_r2": [
                0.9501760416403815,
                0.946890001722119,
                0.9518570311912744,
                0.9454789427142968,
                0.9508137468632274
            ],
            "fold_mae": [
                0.02158473761721904,
                0.022213961031930737,
                0.021521324410743822,
                0.021795831830235063,
                0.021347399464857614
            ],
            "fold_rmse": [
                0.031751564403770347,
                0.033417018785450725,
                0.03115337636759844,
                0.0323321453911782,
                0.03174878949569007
            ]
        },
        "ExtraTrees": {
            "r2": 0.9513648058864881,
            "mae": 0.02188450175790819,
            "rmse": 0.03133852516972828,
            "fold_r2": [
                0.9519594351590086,
                0.9486247136395198,
                0.9543266600200119,
                0.9478669834461372,
                0.9540462371677632
            ],
            "fold_mae": [
                0.021719036185469665,
                0.0222674023594581,
                0.02167930103718964,
                0.02206033348715665,
                0.021696435720266895
            ],
            "fold_rmse": [
                0.03117813020819804,
                0.032866744366923724,
                0.03034380743518092,
                0.031616137815430156,
                0.030687806022908586
            ]
        },
        "HistGradientBoosting": {
            "r2": 0.9496775425407631,
            "mae": 0.021578526662716,
            "rmse": 0.031879272253465096,
            "fold_r2": [
                0.9503495932432305,
                0.9480925993127836,
                0.9520754431214641,
                0.9459198304045735,
                0.9519502466217639
            ],
            "fold_mae": [
                0.02154169250586302,
                0.022011791076568327,
                0.021417608594246997,
                0.02171146063175724,
                0.02121008050514442
            ],
            "fold_rmse": [
                0.03169621611191455,
                0.03303651289774014,
                0.031082628716579463,
                0.03220115214853183,
                0.031379851392559506
            ]
        },
        "Ensemble_Voting": {
            "r2": 0.9526540782713765,
            "mae": 0.021162785570799904,
            "rmse": 0.030919474809316616,
            "fold_r2": [
                0.9531929291105513,
                0.9505536538027448,
                0.9556248250161065,
                0.9488825920854985,
                0.9550163913419811
            ],
            "fold_mae": [
                0.021117200539066832,
                0.021617719431520275,
                0.02095526506937675,
                0.021347925552047262,
                0.020775817261988384
            ],
            "fold_rmse": [
                0.030775261099573088,
                0.032243832896262564,
                0.02990947067223663,
                0.031306664571682026,
                0.03036214480682879
            ]
        }
    },
    "shap_importance": {
        "day": 0.0,
        "NumberofLanes": 0.0,
        "LargeVehicles": 0.0,
        "Landmarks": 0.0,
        "Temperature": 0.0,
        "latitude": 0.0,
        "longitude": 0.0,
        "hour": 0.0,
        "minute": 0.0,
        "minute_of_day": 0.0,
        "sin_time": 0.0,
        "cos_time": 0.0,
        "is_weekend": 0.0,
        "is_rush_hour": 0.0,
        "is_night": 0.0,
        "road_missing": 0.0,
        "weather_missing": 0.0,
        "temperature_missing": 0.0,
        "geohash_mean": 0.0,
        "day_mean": 0.0,
        "hour_mean": 0.0,
        "roadtype_mean": 0.0,
        "weather_mean": 0.0,
        "lane_mean": 0.0,
        "geohash_hour_mean": 0.0,
        "geohash_day_mean": 0.0,
        "RoadType_Highway": 0.0,
        "RoadType_Residential": 0.0,
        "RoadType_Street": 0.0,
        "Weather_Foggy": 0.0,
        "Weather_Rainy": 0.0,
        "Weather_Snowy": 0.0,
        "Weather_Sunny": 0.0
    },
    "feature_count": 33,
    "training_rows": 77299
}